	subject	Pathway
0	NCBITaxon:936594	butyrate_pathway_1
1	NCBITaxon:1445730	butyrate_pathway_1
2	NCBITaxon:2842456	butyrate_pathway_1
3	NCBITaxon:419476	butyrate_pathway_1
4	NCBITaxon:1079985	butyrate_pathway_1
5	NCBITaxon:1391910	butyrate_pathway_1
6	NCBITaxon:1389935	butyrate_pathway_1
7	NCBITaxon:1389922	butyrate_pathway_1
8	NCBITaxon:477641	butyrate_pathway_1
9	NCBITaxon:78556	butyrate_pathway_1
10	NCBITaxon:2491866	butyrate_pathway_1
11	NCBITaxon:2026724	butyrate_pathway_1
12	NCBITaxon:2058088	butyrate_pathway_1
13	NCBITaxon:1930	butyrate_pathway_1
14	NCBITaxon:2678616	butyrate_pathway_1
15	NCBITaxon:673271	butyrate_pathway_1
16	NCBITaxon:72557	butyrate_pathway_1
17	NCBITaxon:1280514	butyrate_pathway_1
18	NCBITaxon:34073	butyrate_pathway_1
19	NCBITaxon:1538103	butyrate_pathway_1
20	NCBITaxon:208596	butyrate_pathway_1
21	NCBITaxon:460265	butyrate_pathway_1
22	NCBITaxon:2495582	butyrate_pathway_1
23	NCBITaxon:2528011	butyrate_pathway_1
24	NCBITaxon:1439726	butyrate_pathway_1
25	NCBITaxon:69370	butyrate_pathway_1
26	NCBITaxon:74033	butyrate_pathway_1
27	NCBITaxon:2705548	butyrate_pathway_1
28	NCBITaxon:2483811	butyrate_pathway_1
29	NCBITaxon:2202144	butyrate_pathway_1
30	NCBITaxon:441103	butyrate_pathway_1
31	NCBITaxon:505353	butyrate_pathway_1
32	NCBITaxon:2495421	butyrate_pathway_1
33	NCBITaxon:1816182	butyrate_pathway_1
34	NCBITaxon:1319510	butyrate_pathway_1
35	NCBITaxon:2607908	butyrate_pathway_1
36	NCBITaxon:340345	butyrate_pathway_1
37	NCBITaxon:1839617	butyrate_pathway_1
38	NCBITaxon:1454005	butyrate_pathway_1
39	NCBITaxon:1712645	butyrate_pathway_1
40	NCBITaxon:1123498	butyrate_pathway_1
41	NCBITaxon:396013	butyrate_pathway_1
42	NCBITaxon:857293	butyrate_pathway_1
43	NCBITaxon:1691940	butyrate_pathway_1
44	NCBITaxon:393480	butyrate_pathway_1
45	NCBITaxon:1529041	butyrate_pathway_1
46	NCBITaxon:374514	butyrate_pathway_1
47	NCBITaxon:1612552	butyrate_pathway_1
48	NCBITaxon:85688	butyrate_pathway_1
49	NCBITaxon:983917	butyrate_pathway_1
50	NCBITaxon:58110	butyrate_pathway_1
51	NCBITaxon:121719	butyrate_pathway_1
52	NCBITaxon:2744555	butyrate_pathway_1
53	NCBITaxon:35806	butyrate_pathway_1
54	NCBITaxon:224729	butyrate_pathway_1
55	NCBITaxon:2201815	butyrate_pathway_1
56	NCBITaxon:135461	butyrate_pathway_1
57	NCBITaxon:395965	butyrate_pathway_1
58	NCBITaxon:67282	butyrate_pathway_1
59	NCBITaxon:1095750	butyrate_pathway_1
60	NCBITaxon:2653182	butyrate_pathway_1
61	NCBITaxon:1472417	butyrate_pathway_1
62	NCBITaxon:1452	butyrate_pathway_1
63	NCBITaxon:278992	butyrate_pathway_1
64	NCBITaxon:2005733	butyrate_pathway_1
65	NCBITaxon:1522757	butyrate_pathway_1
66	NCBITaxon:745714	butyrate_pathway_1
67	NCBITaxon:230470	butyrate_pathway_1
68	NCBITaxon:522306	butyrate_pathway_1
69	NCBITaxon:113574	butyrate_pathway_1
70	NCBITaxon:1121340	butyrate_pathway_1
71	NCBITaxon:2094022	butyrate_pathway_1
72	NCBITaxon:270498	butyrate_pathway_1
73	NCBITaxon:67283	butyrate_pathway_1
74	NCBITaxon:1216006	butyrate_pathway_1
75	NCBITaxon:2024	butyrate_pathway_1
76	NCBITaxon:43355	butyrate_pathway_1
77	NCBITaxon:2940557	butyrate_pathway_1
78	NCBITaxon:908809	butyrate_pathway_1
79	NCBITaxon:1940758	butyrate_pathway_1
80	NCBITaxon:254356	butyrate_pathway_1
81	NCBITaxon:2212469	butyrate_pathway_1
82	NCBITaxon:2026353	butyrate_pathway_1
83	NCBITaxon:1921566	butyrate_pathway_1
84	NCBITaxon:2712852	butyrate_pathway_1
85	NCBITaxon:2723074	butyrate_pathway_1
86	NCBITaxon:1353890	butyrate_pathway_1
87	NCBITaxon:2880968	butyrate_pathway_1
88	NCBITaxon:2026743	butyrate_pathway_1
89	NCBITaxon:1294142	butyrate_pathway_1
90	NCBITaxon:76860	butyrate_pathway_1
91	NCBITaxon:1641811	butyrate_pathway_1
92	NCBITaxon:393663	butyrate_pathway_1
93	NCBITaxon:1931	butyrate_pathway_1
94	NCBITaxon:1689867	butyrate_pathway_1
95	NCBITaxon:200618	butyrate_pathway_1
96	NCBITaxon:2304039	butyrate_pathway_1
97	NCBITaxon:2723311	butyrate_pathway_1
98	NCBITaxon:2817726	butyrate_pathway_1
99	NCBITaxon:2686094	butyrate_pathway_1
100	NCBITaxon:146820	butyrate_pathway_1
101	NCBITaxon:1715691	butyrate_pathway_1
102	NCBITaxon:1032476	butyrate_pathway_1
103	NCBITaxon:1192197	butyrate_pathway_1
104	NCBITaxon:1522763	butyrate_pathway_1
105	NCBITaxon:333990	butyrate_pathway_1
106	NCBITaxon:1869214	butyrate_pathway_1
107	NCBITaxon:1898203	butyrate_pathway_1
108	NCBITaxon:77133	butyrate_pathway_1
109	NCBITaxon:2026722	butyrate_pathway_1
110	NCBITaxon:2587850	butyrate_pathway_1
111	NCBITaxon:1247867	butyrate_pathway_1
112	NCBITaxon:36816	butyrate_pathway_1
113	NCBITaxon:2058152	butyrate_pathway_1
114	NCBITaxon:1119534	butyrate_pathway_1
115	NCBITaxon:2565930	butyrate_pathway_1
116	NCBITaxon:2587121	butyrate_pathway_1
117	NCBITaxon:575178	butyrate_pathway_1
118	NCBITaxon:1121338	butyrate_pathway_1
119	NCBITaxon:2663840	butyrate_pathway_1
120	NCBITaxon:864567	butyrate_pathway_1
121	NCBITaxon:1501240	butyrate_pathway_1
122	NCBITaxon:2083010	butyrate_pathway_1
123	NCBITaxon:1620421	butyrate_pathway_1
124	NCBITaxon:1866925	butyrate_pathway_1
125	NCBITaxon:39490	butyrate_pathway_1
126	NCBITaxon:3058599	butyrate_pathway_1
127	NCBITaxon:1117707	butyrate_pathway_1
128	NCBITaxon:284028	butyrate_pathway_1
129	NCBITaxon:1450648	butyrate_pathway_1
130	NCBITaxon:627669	butyrate_pathway_1
131	NCBITaxon:315423	butyrate_pathway_1
132	NCBITaxon:1616117	butyrate_pathway_1
133	NCBITaxon:115553	butyrate_pathway_1
134	NCBITaxon:945555	butyrate_pathway_1
135	NCBITaxon:1913989	butyrate_pathway_1
136	NCBITaxon:390880	butyrate_pathway_1
137	NCBITaxon:1549949	butyrate_pathway_1
138	NCBITaxon:1522760	butyrate_pathway_1
139	NCBITaxon:68270	butyrate_pathway_1
140	NCBITaxon:1524263	butyrate_pathway_1
141	NCBITaxon:58351	butyrate_pathway_1
142	NCBITaxon:2817710	butyrate_pathway_1
143	NCBITaxon:344880	butyrate_pathway_1
144	NCBITaxon:935700	butyrate_pathway_1
145	NCBITaxon:95160	butyrate_pathway_1
146	NCBITaxon:429133	butyrate_pathway_1
147	NCBITaxon:66895	butyrate_pathway_1
148	NCBITaxon:2690339	butyrate_pathway_1
149	NCBITaxon:47479	butyrate_pathway_1
150	NCBITaxon:1478	butyrate_pathway_1
151	NCBITaxon:1105145	butyrate_pathway_1
152	NCBITaxon:2026771	butyrate_pathway_1
153	NCBITaxon:393664	butyrate_pathway_1
154	NCBITaxon:258050	butyrate_pathway_1
155	NCBITaxon:2024888	butyrate_pathway_1
156	NCBITaxon:66427	butyrate_pathway_1
157	NCBITaxon:1300347	butyrate_pathway_1
158	NCBITaxon:2653857	butyrate_pathway_1
159	NCBITaxon:2026785	butyrate_pathway_1
160	NCBITaxon:2035435	butyrate_pathway_1
161	NCBITaxon:1457234	butyrate_pathway_1
162	NCBITaxon:3047873	butyrate_pathway_1
163	NCBITaxon:2259644	butyrate_pathway_1
164	NCBITaxon:215743	butyrate_pathway_1
165	NCBITaxon:2748684	butyrate_pathway_1
166	NCBITaxon:1454000	butyrate_pathway_1
167	NCBITaxon:237656	butyrate_pathway_1
168	NCBITaxon:471514	butyrate_pathway_1
169	NCBITaxon:46180	butyrate_pathway_1
170	NCBITaxon:1293	butyrate_pathway_1
171	NCBITaxon:2819188	butyrate_pathway_1
172	NCBITaxon:2587861	butyrate_pathway_1
173	NCBITaxon:336628	butyrate_pathway_1
174	NCBITaxon:1287735	butyrate_pathway_1
175	NCBITaxon:2013104	butyrate_pathway_1
176	NCBITaxon:649756	butyrate_pathway_1
177	NCBITaxon:1735584	butyrate_pathway_1
178	NCBITaxon:2053570	butyrate_pathway_1
179	NCBITaxon:2587855	butyrate_pathway_1
180	NCBITaxon:2035419	butyrate_pathway_1
181	NCBITaxon:2013106	butyrate_pathway_1
182	NCBITaxon:87458	butyrate_pathway_1
183	NCBITaxon:316056	butyrate_pathway_1
184	NCBITaxon:1437443	butyrate_pathway_1
185	NCBITaxon:860243	butyrate_pathway_1
186	NCBITaxon:2704463	butyrate_pathway_1
187	NCBITaxon:1348468	butyrate_pathway_1
188	NCBITaxon:596324	butyrate_pathway_1
189	NCBITaxon:1506587	butyrate_pathway_1
190	NCBITaxon:1456	butyrate_pathway_1
191	NCBITaxon:619741	butyrate_pathway_1
192	NCBITaxon:103725	butyrate_pathway_1
193	NCBITaxon:68233	butyrate_pathway_1
194	NCBITaxon:2954383	butyrate_pathway_1
195	NCBITaxon:393278	butyrate_pathway_1
196	NCBITaxon:2080452	butyrate_pathway_1
197	NCBITaxon:1553429	butyrate_pathway_1
198	NCBITaxon:1417629	butyrate_pathway_1
199	NCBITaxon:1266720	butyrate_pathway_1
200	NCBITaxon:1715692	butyrate_pathway_1
201	NCBITaxon:1496	butyrate_pathway_1
202	NCBITaxon:1852787	butyrate_pathway_1
203	NCBITaxon:941824	butyrate_pathway_1
204	NCBITaxon:717962	butyrate_pathway_1
205	NCBITaxon:87461	butyrate_pathway_1
206	NCBITaxon:1852886	butyrate_pathway_1
207	NCBITaxon:1128677	butyrate_pathway_1
208	NCBITaxon:1903720	butyrate_pathway_1
209	NCBITaxon:860233	butyrate_pathway_1
210	NCBITaxon:2805096	butyrate_pathway_1
211	NCBITaxon:1836972	butyrate_pathway_1
212	NCBITaxon:74031	butyrate_pathway_1
213	NCBITaxon:1188745	butyrate_pathway_1
214	NCBITaxon:236067	butyrate_pathway_1
215	NCBITaxon:340021	butyrate_pathway_1
216	NCBITaxon:698986	butyrate_pathway_1
217	NCBITaxon:1868	butyrate_pathway_1
218	NCBITaxon:560405	butyrate_pathway_1
219	NCBITaxon:1819565	butyrate_pathway_1
220	NCBITaxon:396712	butyrate_pathway_1
221	NCBITaxon:1285192	butyrate_pathway_1
222	NCBITaxon:2026763	butyrate_pathway_1
223	NCBITaxon:1411118	butyrate_pathway_1
224	NCBITaxon:2666134	butyrate_pathway_1
225	NCBITaxon:1736388	butyrate_pathway_1
226	NCBITaxon:2026782	butyrate_pathway_1
227	NCBITaxon:2026792	butyrate_pathway_1
228	NCBITaxon:2021405	butyrate_pathway_1
229	NCBITaxon:696762	butyrate_pathway_1
230	NCBITaxon:227946	butyrate_pathway_1
231	NCBITaxon:55404	butyrate_pathway_1
232	NCBITaxon:1282883	butyrate_pathway_1
233	NCBITaxon:2681467	butyrate_pathway_1
234	NCBITaxon:1287737	butyrate_pathway_1
235	NCBITaxon:1841	butyrate_pathway_1
236	NCBITaxon:2136401	butyrate_pathway_1
237	NCBITaxon:2585197	butyrate_pathway_1
238	NCBITaxon:2038394	butyrate_pathway_1
239	NCBITaxon:1328	butyrate_pathway_1
240	NCBITaxon:2653157	butyrate_pathway_1
241	NCBITaxon:1592326	butyrate_pathway_1
242	NCBITaxon:2663837	butyrate_pathway_1
243	NCBITaxon:2678566	butyrate_pathway_1
244	NCBITaxon:1499973	butyrate_pathway_1
245	NCBITaxon:1105143	butyrate_pathway_1
246	NCBITaxon:1783352	butyrate_pathway_1
247	NCBITaxon:1389006	butyrate_pathway_1
248	NCBITaxon:282199	butyrate_pathway_1
249	NCBITaxon:33900	butyrate_pathway_1
250	NCBITaxon:67293	butyrate_pathway_1
251	NCBITaxon:1542388	butyrate_pathway_1
252	NCBITaxon:266809	butyrate_pathway_1
253	NCBITaxon:52694	butyrate_pathway_1
254	NCBITaxon:1522762	butyrate_pathway_1
255	NCBITaxon:2483814	butyrate_pathway_1
256	NCBITaxon:2013070	butyrate_pathway_1
257	NCBITaxon:2884272	butyrate_pathway_1
258	NCBITaxon:1121877	butyrate_pathway_1
259	NCBITaxon:1869227	butyrate_pathway_1
260	NCBITaxon:1069963	butyrate_pathway_1
261	NCBITaxon:1642702	butyrate_pathway_1
262	NCBITaxon:1695997	butyrate_pathway_1
263	NCBITaxon:257772	butyrate_pathway_1
264	NCBITaxon:394506	butyrate_pathway_1
265	NCBITaxon:2704462	butyrate_pathway_1
266	NCBITaxon:213554	butyrate_pathway_1
267	NCBITaxon:1125967	butyrate_pathway_1
268	NCBITaxon:2587860	butyrate_pathway_1
269	NCBITaxon:2489010	butyrate_pathway_1
270	NCBITaxon:1723382	butyrate_pathway_1
271	NCBITaxon:317	butyrate_pathway_1
272	NCBITaxon:1650658	butyrate_pathway_1
273	NCBITaxon:53501	butyrate_pathway_1
274	NCBITaxon:1963	butyrate_pathway_1
275	NCBITaxon:562	butyrate_pathway_1
276	NCBITaxon:2024830	butyrate_pathway_1
277	NCBITaxon:577	butyrate_pathway_1
278	NCBITaxon:67827	butyrate_pathway_1
279	NCBITaxon:247480	butyrate_pathway_1
280	NCBITaxon:321267	butyrate_pathway_1
281	NCBITaxon:664693	butyrate_pathway_1
282	NCBITaxon:57001	butyrate_pathway_1
283	NCBITaxon:936596	butyrate_pathway_1
284	NCBITaxon:1978231	butyrate_pathway_1
285	NCBITaxon:1780378	butyrate_pathway_1
286	NCBITaxon:1537215	butyrate_pathway_1
287	NCBITaxon:1522759	butyrate_pathway_1
288	NCBITaxon:190304	butyrate_pathway_1
289	NCBITaxon:1402135	butyrate_pathway_1
290	NCBITaxon:2035424	butyrate_pathway_1
291	NCBITaxon:1037362	butyrate_pathway_1
292	NCBITaxon:1608628	butyrate_pathway_1
293	NCBITaxon:58051	butyrate_pathway_1
294	NCBITaxon:2653126	butyrate_pathway_1
295	NCBITaxon:2044944	butyrate_pathway_1
296	NCBITaxon:2664442	butyrate_pathway_1
297	NCBITaxon:1666914	butyrate_pathway_1
298	NCBITaxon:989403	butyrate_pathway_1
299	NCBITaxon:928856	butyrate_pathway_1
300	NCBITaxon:2013071	butyrate_pathway_1
301	NCBITaxon:2772433	butyrate_pathway_1
302	NCBITaxon:1819298	butyrate_pathway_1
303	NCBITaxon:2026780	butyrate_pathway_1
304	NCBITaxon:2030800	butyrate_pathway_1
305	NCBITaxon:1073571	butyrate_pathway_1
306	NCBITaxon:1852798	butyrate_pathway_1
307	NCBITaxon:887465	butyrate_pathway_1
308	NCBITaxon:208964	butyrate_pathway_1
309	NCBITaxon:2081970	butyrate_pathway_1
310	NCBITaxon:2954382	butyrate_pathway_1
311	NCBITaxon:345073	butyrate_pathway_1
312	NCBITaxon:43131	butyrate_pathway_1
313	NCBITaxon:1673631	butyrate_pathway_1
314	NCBITaxon:1411316	butyrate_pathway_1
315	NCBITaxon:39695	butyrate_pathway_1
316	NCBITaxon:1825094	butyrate_pathway_1
317	NCBITaxon:484770	butyrate_pathway_1
318	NCBITaxon:1436133	butyrate_pathway_1
319	NCBITaxon:564	butyrate_pathway_1
320	NCBITaxon:35841	butyrate_pathway_1
321	NCBITaxon:1400053	butyrate_pathway_1
322	NCBITaxon:1229727	butyrate_pathway_1
323	NCBITaxon:47917	butyrate_pathway_1
324	NCBITaxon:1666917	butyrate_pathway_1
325	NCBITaxon:292	butyrate_pathway_1
326	NCBITaxon:1397108	butyrate_pathway_1
327	NCBITaxon:3058596	butyrate_pathway_1
328	NCBITaxon:2737049	butyrate_pathway_1
329	NCBITaxon:1109412	butyrate_pathway_1
330	NCBITaxon:666	butyrate_pathway_1
331	NCBITaxon:1639690	butyrate_pathway_1
332	NCBITaxon:1123237	butyrate_pathway_1
333	NCBITaxon:2035416	butyrate_pathway_1
334	NCBITaxon:195103	butyrate_pathway_1
335	NCBITaxon:2771432	butyrate_pathway_1
336	NCBITaxon:1857892	butyrate_pathway_1
337	NCBITaxon:1852884	butyrate_pathway_1
338	NCBITaxon:1173585	butyrate_pathway_1
339	NCBITaxon:1891289	butyrate_pathway_1
340	NCBITaxon:646534	butyrate_pathway_1
341	NCBITaxon:1737357	butyrate_pathway_1
342	NCBITaxon:217168	butyrate_pathway_1
343	NCBITaxon:2588299	butyrate_pathway_1
344	NCBITaxon:2072505	butyrate_pathway_1
345	NCBITaxon:1960	butyrate_pathway_1
346	NCBITaxon:2587847	butyrate_pathway_1
347	NCBITaxon:68172	butyrate_pathway_1
348	NCBITaxon:2819179	butyrate_pathway_1
349	NCBITaxon:1445552	butyrate_pathway_1
350	NCBITaxon:1312363	butyrate_pathway_1
351	NCBITaxon:2048547	butyrate_pathway_1
352	NCBITaxon:245188	butyrate_pathway_1
353	NCBITaxon:1216932	butyrate_pathway_1
354	NCBITaxon:292800	butyrate_pathway_1
355	NCBITaxon:1914755	butyrate_pathway_1
356	NCBITaxon:953739	butyrate_pathway_1
357	NCBITaxon:864570	butyrate_pathway_1
358	NCBITaxon:1076397	butyrate_pathway_1
359	NCBITaxon:582680	butyrate_pathway_1
360	NCBITaxon:2585200	butyrate_pathway_1
361	NCBITaxon:2587852	butyrate_pathway_1
362	NCBITaxon:28037	butyrate_pathway_1
363	NCBITaxon:1918945	butyrate_pathway_1
364	NCBITaxon:285473	butyrate_pathway_1
365	NCBITaxon:217090	butyrate_pathway_1
366	NCBITaxon:1343159	butyrate_pathway_1
367	NCBITaxon:1481914	butyrate_pathway_1
368	NCBITaxon:1967	butyrate_pathway_1
369	NCBITaxon:220687	butyrate_pathway_1
370	NCBITaxon:39478	butyrate_pathway_1
371	NCBITaxon:2663839	butyrate_pathway_1
372	NCBITaxon:1430884	butyrate_pathway_1
373	NCBITaxon:46163	butyrate_pathway_1
374	NCBITaxon:1470561	butyrate_pathway_1
375	NCBITaxon:2940626	butyrate_pathway_1
376	NCBITaxon:989410	butyrate_pathway_1
377	NCBITaxon:2690249	butyrate_pathway_1
378	NCBITaxon:89772	butyrate_pathway_1
379	NCBITaxon:1121318	butyrate_pathway_1
380	NCBITaxon:1486246	butyrate_pathway_1
381	NCBITaxon:1396826	butyrate_pathway_1
382	NCBITaxon:1077946	butyrate_pathway_1
383	NCBITaxon:1639689	butyrate_pathway_1
384	NCBITaxon:1874361	butyrate_pathway_1
385	NCBITaxon:66375	butyrate_pathway_1
386	NCBITaxon:53249	butyrate_pathway_1
387	NCBITaxon:1051531	butyrate_pathway_1
388	NCBITaxon:2690325	butyrate_pathway_1
389	NCBITaxon:1540520	butyrate_pathway_1
390	NCBITaxon:546367	butyrate_pathway_1
391	NCBITaxon:2819187	butyrate_pathway_1
392	NCBITaxon:217204	butyrate_pathway_1
393	NCBITaxon:2052179	butyrate_pathway_1
394	NCBITaxon:1866935	butyrate_pathway_1
395	NCBITaxon:33040	butyrate_pathway_1
396	NCBITaxon:1891914	butyrate_pathway_1
397	NCBITaxon:1768010	butyrate_pathway_1
398	NCBITaxon:1405	butyrate_pathway_1
399	NCBITaxon:32001	butyrate_pathway_1
400	NCBITaxon:1353889	butyrate_pathway_1
401	NCBITaxon:1737066	butyrate_pathway_1
402	NCBITaxon:2884022	butyrate_pathway_1
403	NCBITaxon:1287877	butyrate_pathway_1
404	NCBITaxon:1655543	butyrate_pathway_1
405	NCBITaxon:29349	butyrate_pathway_1
406	NCBITaxon:289380	butyrate_pathway_1
407	NCBITaxon:573	butyrate_pathway_1
408	NCBITaxon:1121326	butyrate_pathway_1
409	NCBITaxon:1295	butyrate_pathway_1
410	NCBITaxon:1902136	butyrate_pathway_1
411	NCBITaxon:221109	butyrate_pathway_1
412	NCBITaxon:1121328	butyrate_pathway_1
413	NCBITaxon:29367	butyrate_pathway_1
414	NCBITaxon:1052585	butyrate_pathway_1
415	NCBITaxon:1095777	butyrate_pathway_1
416	NCBITaxon:661492	butyrate_pathway_1
417	NCBITaxon:463642	butyrate_pathway_1
418	NCBITaxon:1160718	butyrate_pathway_1
419	NCBITaxon:60450	butyrate_pathway_1
420	NCBITaxon:2507566	butyrate_pathway_1
421	NCBITaxon:882448	butyrate_pathway_1
422	NCBITaxon:1909294	butyrate_pathway_1
423	NCBITaxon:215803	butyrate_pathway_1
424	NCBITaxon:273032	butyrate_pathway_1
425	NCBITaxon:623	butyrate_pathway_1
426	NCBITaxon:2585198	butyrate_pathway_1
427	NCBITaxon:1297617	butyrate_pathway_1
428	NCBITaxon:754436	butyrate_pathway_1
429	NCBITaxon:2072972	butyrate_pathway_1
430	NCBITaxon:488537	butyrate_pathway_1
431	NCBITaxon:941280	butyrate_pathway_1
432	NCBITaxon:1345695	butyrate_pathway_1
433	NCBITaxon:451755	butyrate_pathway_1
434	NCBITaxon:56774	butyrate_pathway_1
435	NCBITaxon:675635	butyrate_pathway_1
436	NCBITaxon:2074	butyrate_pathway_1
437	NCBITaxon:46159	butyrate_pathway_1
438	NCBITaxon:2651833	butyrate_pathway_1
439	NCBITaxon:481446	butyrate_pathway_1
440	NCBITaxon:1522758	butyrate_pathway_1
441	NCBITaxon:2053306	butyrate_pathway_1
442	NCBITaxon:1898204	butyrate_pathway_1
443	NCBITaxon:2026734	butyrate_pathway_1
444	NCBITaxon:2484252	butyrate_pathway_1
445	NCBITaxon:2026799	butyrate_pathway_1
446	NCBITaxon:2499141	butyrate_pathway_1
447	NCBITaxon:2483812	butyrate_pathway_1
448	NCBITaxon:474394	butyrate_pathway_1
449	NCBITaxon:1867952	butyrate_pathway_1
450	NCBITaxon:46158	butyrate_pathway_1
451	NCBITaxon:169679	butyrate_pathway_1
452	NCBITaxon:2607506	butyrate_pathway_1
453	NCBITaxon:997347	butyrate_pathway_1
454	NCBITaxon:2026770	butyrate_pathway_1
455	NCBITaxon:1768241	butyrate_pathway_1
456	NCBITaxon:2026801	butyrate_pathway_1
457	NCBITaxon:2035414	butyrate_pathway_1
458	NCBITaxon:1458307	butyrate_pathway_1
459	NCBITaxon:2681465	butyrate_pathway_1
460	NCBITaxon:2304625	butyrate_pathway_1
461	NCBITaxon:1440053	butyrate_pathway_1
462	NCBITaxon:1510460	butyrate_pathway_1
463	NCBITaxon:182080	butyrate_pathway_1
464	NCBITaxon:3047874	butyrate_pathway_1
465	NCBITaxon:475083	butyrate_pathway_1
466	NCBITaxon:1293054	butyrate_pathway_1
467	NCBITaxon:282217	butyrate_pathway_1
468	NCBITaxon:1883446	butyrate_pathway_1
469	NCBITaxon:1353260	butyrate_pathway_1
470	NCBITaxon:81569	butyrate_pathway_1
471	NCBITaxon:1124761	butyrate_pathway_1
472	NCBITaxon:2587844	butyrate_pathway_1
473	NCBITaxon:2681466	butyrate_pathway_1
474	NCBITaxon:2931921	butyrate_pathway_1
475	NCBITaxon:420998	butyrate_pathway_1
476	NCBITaxon:3058601	butyrate_pathway_1
477	NCBITaxon:1121305	butyrate_pathway_1
478	NCBITaxon:1323	butyrate_pathway_1
479	NCBITaxon:3058602	butyrate_pathway_1
480	NCBITaxon:78535	butyrate_pathway_1
481	NCBITaxon:661491	butyrate_pathway_1
482	NCBITaxon:67380	butyrate_pathway_1
483	NCBITaxon:1446476	butyrate_pathway_1
484	NCBITaxon:2761496	butyrate_pathway_1
485	NCBITaxon:1891229	butyrate_pathway_1
486	NCBITaxon:2705439	butyrate_pathway_1
487	NCBITaxon:58340	butyrate_pathway_1
488	NCBITaxon:1200281	butyrate_pathway_1
489	NCBITaxon:265948	butyrate_pathway_1
490	NCBITaxon:479435	butyrate_pathway_1
491	NCBITaxon:663602	butyrate_pathway_1
492	NCBITaxon:1181879	butyrate_pathway_1
493	NCBITaxon:2663842	butyrate_pathway_1
494	NCBITaxon:1454001	butyrate_pathway_1
495	NCBITaxon:2806598	butyrate_pathway_1
496	NCBITaxon:634462	butyrate_pathway_1
497	NCBITaxon:2587842	butyrate_pathway_1
498	NCBITaxon:272562	butyrate_pathway_1
499	NCBITaxon:1042984	butyrate_pathway_1
500	NCBITaxon:2745196	butyrate_pathway_1
501	NCBITaxon:67304	butyrate_pathway_1
502	NCBITaxon:2940535	butyrate_pathway_1
503	NCBITaxon:29385	butyrate_pathway_1
504	NCBITaxon:1472416	butyrate_pathway_1
505	NCBITaxon:2585196	butyrate_pathway_1
506	NCBITaxon:1715693	butyrate_pathway_1
507	NCBITaxon:1272	butyrate_pathway_1
508	NCBITaxon:349522	butyrate_pathway_1
509	NCBITaxon:290402	butyrate_pathway_1
510	NCBITaxon:1042163	butyrate_pathway_1
511	NCBITaxon:327160	butyrate_pathway_1
512	NCBITaxon:663	butyrate_pathway_1
513	NCBITaxon:540747	butyrate_pathway_1
514	NCBITaxon:1200284	butyrate_pathway_1
515	NCBITaxon:1036020	butyrate_pathway_1
516	NCBITaxon:2584084	butyrate_pathway_1
517	NCBITaxon:2026742	butyrate_pathway_1
518	NCBITaxon:412384	butyrate_pathway_1
519	NCBITaxon:381802	butyrate_pathway_1
520	NCBITaxon:2690279	butyrate_pathway_1
521	NCBITaxon:1482074	butyrate_pathway_1
522	NCBITaxon:1572659	butyrate_pathway_1
523	NCBITaxon:2587849	butyrate_pathway_1
524	NCBITaxon:2663836	butyrate_pathway_1
525	NCBITaxon:1519096	butyrate_pathway_1
526	NCBITaxon:209882	butyrate_pathway_1
527	NCBITaxon:582	butyrate_pathway_1
528	NCBITaxon:42684	butyrate_pathway_1
529	NCBITaxon:1356575	butyrate_pathway_1
530	NCBITaxon:1716141	butyrate_pathway_1
531	NCBITaxon:658057	butyrate_pathway_1
532	NCBITaxon:1380685	butyrate_pathway_1
533	NCBITaxon:572479	butyrate_pathway_1
534	NCBITaxon:616675	butyrate_pathway_1
535	NCBITaxon:1304284	butyrate_pathway_1
536	NCBITaxon:208962	butyrate_pathway_1
537	NCBITaxon:1736465	butyrate_pathway_1
538	NCBITaxon:2730946	butyrate_pathway_1
539	NCBITaxon:86668	butyrate_pathway_1
540	NCBITaxon:1735585	butyrate_pathway_1
541	NCBITaxon:2663841	butyrate_pathway_1
542	NCBITaxon:45634	butyrate_pathway_1
543	NCBITaxon:269796	butyrate_pathway_1
544	NCBITaxon:1250539	butyrate_pathway_1
545	NCBITaxon:1404	butyrate_pathway_1
546	NCBITaxon:35703	butyrate_pathway_1
547	NCBITaxon:1048380	butyrate_pathway_1
548	NCBITaxon:99675	butyrate_pathway_1
0	NCBITaxon:2217816	butyrate_pathway_2
1	NCBITaxon:1742358	butyrate_pathway_2
2	NCBITaxon:2315464	butyrate_pathway_2
3	NCBITaxon:1155777	butyrate_pathway_2
4	NCBITaxon:1472417	butyrate_pathway_2
5	NCBITaxon:1452	butyrate_pathway_2
6	NCBITaxon:522306	butyrate_pathway_2
7	NCBITaxon:113574	butyrate_pathway_2
8	NCBITaxon:1459	butyrate_pathway_2
9	NCBITaxon:2045244	butyrate_pathway_2
10	NCBITaxon:230470	butyrate_pathway_2
11	NCBITaxon:2041346	butyrate_pathway_2
12	NCBITaxon:213419	butyrate_pathway_2
13	NCBITaxon:1202534	butyrate_pathway_2
14	NCBITaxon:153151	butyrate_pathway_2
15	NCBITaxon:2940557	butyrate_pathway_2
16	NCBITaxon:1511746	butyrate_pathway_2
17	NCBITaxon:2212469	butyrate_pathway_2
18	NCBITaxon:1150625	butyrate_pathway_2
19	NCBITaxon:77133	butyrate_pathway_2
20	NCBITaxon:2014076	butyrate_pathway_2
21	NCBITaxon:2700081	butyrate_pathway_2
22	NCBITaxon:498214	butyrate_pathway_2
23	NCBITaxon:2833579	butyrate_pathway_2
24	NCBITaxon:1392	butyrate_pathway_2
25	NCBITaxon:404589	butyrate_pathway_2
26	NCBITaxon:575178	butyrate_pathway_2
27	NCBITaxon:2799563	butyrate_pathway_2
28	NCBITaxon:33934	butyrate_pathway_2
29	NCBITaxon:574376	butyrate_pathway_2
30	NCBITaxon:2026191	butyrate_pathway_2
31	NCBITaxon:224308	butyrate_pathway_2
32	NCBITaxon:447217	butyrate_pathway_2
33	NCBITaxon:96241	butyrate_pathway_2
34	NCBITaxon:2810514	butyrate_pathway_2
35	NCBITaxon:2293000	butyrate_pathway_2
36	NCBITaxon:2217834	butyrate_pathway_2
37	NCBITaxon:1235825	butyrate_pathway_2
38	NCBITaxon:2770510	butyrate_pathway_2
39	NCBITaxon:2917806	butyrate_pathway_2
40	NCBITaxon:2293037	butyrate_pathway_2
41	NCBITaxon:1422	butyrate_pathway_2
42	NCBITaxon:2597347	butyrate_pathway_2
43	NCBITaxon:529122	butyrate_pathway_2
44	NCBITaxon:2599618	butyrate_pathway_2
45	NCBITaxon:2771434	butyrate_pathway_2
46	NCBITaxon:2056316	butyrate_pathway_2
47	NCBITaxon:1482739	butyrate_pathway_2
48	NCBITaxon:1330043	butyrate_pathway_2
49	NCBITaxon:1871037	butyrate_pathway_2
50	NCBITaxon:1643452	butyrate_pathway_2
51	NCBITaxon:1628206	butyrate_pathway_2
52	NCBITaxon:1494	butyrate_pathway_2
53	NCBITaxon:1385513	butyrate_pathway_2
54	NCBITaxon:1117379	butyrate_pathway_2
55	NCBITaxon:796606	butyrate_pathway_2
56	NCBITaxon:152268	butyrate_pathway_2
57	NCBITaxon:417367	butyrate_pathway_2
58	NCBITaxon:1246484	butyrate_pathway_2
59	NCBITaxon:1321606	butyrate_pathway_2
60	NCBITaxon:2045207	butyrate_pathway_2
61	NCBITaxon:3018084	butyrate_pathway_2
62	NCBITaxon:1543706	butyrate_pathway_2
63	NCBITaxon:1490290	butyrate_pathway_2
64	NCBITaxon:2026724	butyrate_pathway_2
65	NCBITaxon:135735	butyrate_pathway_2
66	NCBITaxon:1071718	butyrate_pathway_2
67	NCBITaxon:2492960	butyrate_pathway_2
68	NCBITaxon:157838	butyrate_pathway_2
69	NCBITaxon:2584627	butyrate_pathway_2
70	NCBITaxon:1408103	butyrate_pathway_2
71	NCBITaxon:260554	butyrate_pathway_2
72	NCBITaxon:2574798	butyrate_pathway_2
73	NCBITaxon:84024	butyrate_pathway_2
74	NCBITaxon:135461	butyrate_pathway_2
75	NCBITaxon:2587157	butyrate_pathway_2
76	NCBITaxon:1532552	butyrate_pathway_2
77	NCBITaxon:1921421	butyrate_pathway_2
78	NCBITaxon:2478915	butyrate_pathway_2
79	NCBITaxon:2552189	butyrate_pathway_2
80	NCBITaxon:1307436	butyrate_pathway_2
81	NCBITaxon:499177	butyrate_pathway_2
82	NCBITaxon:1561	butyrate_pathway_2
83	NCBITaxon:632245	butyrate_pathway_2
84	NCBITaxon:521158	butyrate_pathway_2
85	NCBITaxon:2217826	butyrate_pathway_2
86	NCBITaxon:1535751	butyrate_pathway_2
87	NCBITaxon:2483811	butyrate_pathway_2
88	NCBITaxon:349938	butyrate_pathway_2
89	NCBITaxon:1491830	butyrate_pathway_2
90	NCBITaxon:857293	butyrate_pathway_2
91	NCBITaxon:39493	butyrate_pathway_2
92	NCBITaxon:1588630	butyrate_pathway_2
93	NCBITaxon:3047871	butyrate_pathway_2
94	NCBITaxon:869210	butyrate_pathway_2
95	NCBITaxon:339854	butyrate_pathway_2
96	NCBITaxon:2499077	butyrate_pathway_2
97	NCBITaxon:221799	butyrate_pathway_2
98	NCBITaxon:2820819	butyrate_pathway_2
99	NCBITaxon:1121328	butyrate_pathway_2
100	NCBITaxon:281309	butyrate_pathway_2
101	NCBITaxon:1052585	butyrate_pathway_2
102	NCBITaxon:220753	butyrate_pathway_2
103	NCBITaxon:1095777	butyrate_pathway_2
104	NCBITaxon:1345695	butyrate_pathway_2
105	NCBITaxon:2599617	butyrate_pathway_2
106	NCBITaxon:632773	butyrate_pathway_2
107	NCBITaxon:1403243	butyrate_pathway_2
108	NCBITaxon:1628211	butyrate_pathway_2
109	NCBITaxon:2020506	butyrate_pathway_2
110	NCBITaxon:1684312	butyrate_pathway_2
111	NCBITaxon:3047874	butyrate_pathway_2
112	NCBITaxon:189381	butyrate_pathway_2
113	NCBITaxon:2933563	butyrate_pathway_2
114	NCBITaxon:2217818	butyrate_pathway_2
115	NCBITaxon:455488	butyrate_pathway_2
116	NCBITaxon:1578198	butyrate_pathway_2
117	NCBITaxon:227866	butyrate_pathway_2
118	NCBITaxon:692420	butyrate_pathway_2
119	NCBITaxon:156205	butyrate_pathway_2
120	NCBITaxon:1455638	butyrate_pathway_2
121	NCBITaxon:284581	butyrate_pathway_2
122	NCBITaxon:1178540	butyrate_pathway_2
123	NCBITaxon:64104	butyrate_pathway_2
124	NCBITaxon:1368424	butyrate_pathway_2
125	NCBITaxon:2052181	butyrate_pathway_2
126	NCBITaxon:1925021	butyrate_pathway_2
127	NCBITaxon:1414648	butyrate_pathway_2
128	NCBITaxon:2293005	butyrate_pathway_2
129	NCBITaxon:1294297	butyrate_pathway_2
130	NCBITaxon:2654513	butyrate_pathway_2
131	NCBITaxon:2053306	butyrate_pathway_2
132	NCBITaxon:1898204	butyrate_pathway_2
133	NCBITaxon:2026799	butyrate_pathway_2
134	NCBITaxon:1602942	butyrate_pathway_2
135	NCBITaxon:308892	butyrate_pathway_2
136	NCBITaxon:2026734	butyrate_pathway_2
137	NCBITaxon:1229268	butyrate_pathway_2
138	NCBITaxon:2840824	butyrate_pathway_2
139	NCBITaxon:1131730	butyrate_pathway_2
140	NCBITaxon:1385512	butyrate_pathway_2
141	NCBITaxon:1288971	butyrate_pathway_2
142	NCBITaxon:1385510	butyrate_pathway_2
143	NCBITaxon:2217831	butyrate_pathway_2
144	NCBITaxon:1476	butyrate_pathway_2
145	NCBITaxon:1529117	butyrate_pathway_2
146	NCBITaxon:2595057	butyrate_pathway_2
147	NCBITaxon:574375	butyrate_pathway_2
148	NCBITaxon:2660750	butyrate_pathway_2
149	NCBITaxon:1408	butyrate_pathway_2
150	NCBITaxon:1890302	butyrate_pathway_2
151	NCBITaxon:2604836	butyrate_pathway_2
152	NCBITaxon:1218175	butyrate_pathway_2
153	NCBITaxon:2723064	butyrate_pathway_2
154	NCBITaxon:247480	butyrate_pathway_2
155	NCBITaxon:79883	butyrate_pathway_2
156	NCBITaxon:2833582	butyrate_pathway_2
157	NCBITaxon:1017277	butyrate_pathway_2
158	NCBITaxon:2764176	butyrate_pathway_2
159	NCBITaxon:1780378	butyrate_pathway_2
160	NCBITaxon:1978231	butyrate_pathway_2
161	NCBITaxon:1071078	butyrate_pathway_2
162	NCBITaxon:2030927	butyrate_pathway_2
163	NCBITaxon:388741	butyrate_pathway_2
164	NCBITaxon:484770	butyrate_pathway_2
165	NCBITaxon:546023	butyrate_pathway_2
166	NCBITaxon:986075	butyrate_pathway_2
167	NCBITaxon:1742359	butyrate_pathway_2
168	NCBITaxon:2597344	butyrate_pathway_2
169	NCBITaxon:403957	butyrate_pathway_2
170	NCBITaxon:1977087	butyrate_pathway_2
171	NCBITaxon:2293325	butyrate_pathway_2
172	NCBITaxon:2737049	butyrate_pathway_2
173	NCBITaxon:375451	butyrate_pathway_2
174	NCBITaxon:1400053	butyrate_pathway_2
175	NCBITaxon:515622	butyrate_pathway_2
176	NCBITaxon:1553	butyrate_pathway_2
177	NCBITaxon:2093811	butyrate_pathway_2
178	NCBITaxon:2053527	butyrate_pathway_2
179	NCBITaxon:2567941	butyrate_pathway_2
180	NCBITaxon:1457158	butyrate_pathway_2
181	NCBITaxon:981385	butyrate_pathway_2
182	NCBITaxon:2044936	butyrate_pathway_2
183	NCBITaxon:2044944	butyrate_pathway_2
184	NCBITaxon:2547811	butyrate_pathway_2
185	NCBITaxon:2672567	butyrate_pathway_2
186	NCBITaxon:1565146	butyrate_pathway_2
187	NCBITaxon:2603622	butyrate_pathway_2
188	NCBITaxon:2026780	butyrate_pathway_2
189	NCBITaxon:2508525	butyrate_pathway_2
190	NCBITaxon:2030800	butyrate_pathway_2
191	NCBITaxon:2762563	butyrate_pathway_2
192	NCBITaxon:2756294	butyrate_pathway_2
193	NCBITaxon:2293095	butyrate_pathway_2
194	NCBITaxon:2320858	butyrate_pathway_2
195	NCBITaxon:1473	butyrate_pathway_2
196	NCBITaxon:1409	butyrate_pathway_2
197	NCBITaxon:246786	butyrate_pathway_2
198	NCBITaxon:2818390	butyrate_pathway_2
199	NCBITaxon:315750	butyrate_pathway_2
200	NCBITaxon:1033810	butyrate_pathway_2
201	NCBITaxon:2026188	butyrate_pathway_2
202	NCBITaxon:515621	butyrate_pathway_2
203	NCBITaxon:498213	butyrate_pathway_2
204	NCBITaxon:2961894	butyrate_pathway_2
205	NCBITaxon:1326968	butyrate_pathway_2
206	NCBITaxon:1903720	butyrate_pathway_2
207	NCBITaxon:2980102	butyrate_pathway_2
208	NCBITaxon:2233542	butyrate_pathway_2
209	NCBITaxon:1017270	butyrate_pathway_2
210	NCBITaxon:1664069	butyrate_pathway_2
211	NCBITaxon:1185653	butyrate_pathway_2
212	NCBITaxon:941824	butyrate_pathway_2
213	NCBITaxon:2026763	butyrate_pathway_2
214	NCBITaxon:1506	butyrate_pathway_2
215	NCBITaxon:1848460	butyrate_pathway_2
216	NCBITaxon:768670	butyrate_pathway_2
217	NCBITaxon:1385511	butyrate_pathway_2
218	NCBITaxon:1399	butyrate_pathway_2
219	NCBITaxon:313627	butyrate_pathway_2
220	NCBITaxon:2217823	butyrate_pathway_2
221	NCBITaxon:3094893	butyrate_pathway_2
222	NCBITaxon:1428	butyrate_pathway_2
223	NCBITaxon:288681	butyrate_pathway_2
224	NCBITaxon:1295642	butyrate_pathway_2
225	NCBITaxon:2576356	butyrate_pathway_2
226	NCBITaxon:2678566	butyrate_pathway_2
227	NCBITaxon:2722703	butyrate_pathway_2
228	NCBITaxon:2217833	butyrate_pathway_2
229	NCBITaxon:226900	butyrate_pathway_2
230	NCBITaxon:1286404	butyrate_pathway_2
231	NCBITaxon:137838	butyrate_pathway_2
232	NCBITaxon:1758642	butyrate_pathway_2
233	NCBITaxon:1642702	butyrate_pathway_2
234	NCBITaxon:265546	butyrate_pathway_2
235	NCBITaxon:492670	butyrate_pathway_2
236	NCBITaxon:1808955	butyrate_pathway_2
237	NCBITaxon:394506	butyrate_pathway_2
238	NCBITaxon:33941	butyrate_pathway_2
239	NCBITaxon:2048547	butyrate_pathway_2
240	NCBITaxon:459472	butyrate_pathway_2
241	NCBITaxon:1217737	butyrate_pathway_2
242	NCBITaxon:2292307	butyrate_pathway_2
243	NCBITaxon:2052143	butyrate_pathway_2
244	NCBITaxon:2293045	butyrate_pathway_2
245	NCBITaxon:2568878	butyrate_pathway_2
246	NCBITaxon:2033014	butyrate_pathway_2
247	NCBITaxon:1705566	butyrate_pathway_2
248	NCBITaxon:2052179	butyrate_pathway_2
249	NCBITaxon:1385514	butyrate_pathway_2
250	NCBITaxon:2599619	butyrate_pathway_2
251	NCBITaxon:272563	butyrate_pathway_2
252	NCBITaxon:2745198	butyrate_pathway_2
253	NCBITaxon:3043332	butyrate_pathway_2
254	NCBITaxon:218284	butyrate_pathway_2
255	NCBITaxon:866895	butyrate_pathway_2
256	NCBITaxon:935198	butyrate_pathway_2
257	NCBITaxon:2781388	butyrate_pathway_2
258	NCBITaxon:1509	butyrate_pathway_2
259	NCBITaxon:576944	butyrate_pathway_2
260	NCBITaxon:2762329	butyrate_pathway_2
261	NCBITaxon:112331	butyrate_pathway_2
262	NCBITaxon:1301086	butyrate_pathway_2
263	NCBITaxon:1071080	butyrate_pathway_2
264	NCBITaxon:1423	butyrate_pathway_2
265	NCBITaxon:1637975	butyrate_pathway_2
266	NCBITaxon:257985	butyrate_pathway_2
267	NCBITaxon:2293038	butyrate_pathway_2
268	NCBITaxon:220687	butyrate_pathway_2
269	NCBITaxon:2555897	butyrate_pathway_2
270	NCBITaxon:1095383	butyrate_pathway_2
271	NCBITaxon:1559	butyrate_pathway_2
272	NCBITaxon:1925020	butyrate_pathway_2
273	NCBITaxon:2884022	butyrate_pathway_2
274	NCBITaxon:2518176	butyrate_pathway_2
275	NCBITaxon:1295	butyrate_pathway_2
276	NCBITaxon:1699078	butyrate_pathway_2
277	NCBITaxon:1405	butyrate_pathway_2
278	NCBITaxon:462910	butyrate_pathway_2
279	NCBITaxon:1898206	butyrate_pathway_2
280	NCBITaxon:94137	butyrate_pathway_2
281	NCBITaxon:410072	butyrate_pathway_2
282	NCBITaxon:1450648	butyrate_pathway_2
283	NCBITaxon:2653219	butyrate_pathway_2
284	NCBITaxon:2021391	butyrate_pathway_2
285	NCBITaxon:1913989	butyrate_pathway_2
286	NCBITaxon:1683636	butyrate_pathway_2
287	NCBITaxon:2217829	butyrate_pathway_2
288	NCBITaxon:2026760	butyrate_pathway_2
289	NCBITaxon:2763039	butyrate_pathway_2
290	NCBITaxon:311194	butyrate_pathway_2
291	NCBITaxon:483913	butyrate_pathway_2
292	NCBITaxon:2053570	butyrate_pathway_2
293	NCBITaxon:235909	butyrate_pathway_2
294	NCBITaxon:2302943	butyrate_pathway_2
295	NCBITaxon:2049045	butyrate_pathway_2
296	NCBITaxon:1033734	butyrate_pathway_2
297	NCBITaxon:1037680	butyrate_pathway_2
298	NCBITaxon:200989	butyrate_pathway_2
299	NCBITaxon:1456	butyrate_pathway_2
300	NCBITaxon:886559	butyrate_pathway_2
301	NCBITaxon:405535	butyrate_pathway_2
302	NCBITaxon:1223503	butyrate_pathway_2
303	NCBITaxon:1586290	butyrate_pathway_2
304	NCBITaxon:324768	butyrate_pathway_2
305	NCBITaxon:1390	butyrate_pathway_2
306	NCBITaxon:1233873	butyrate_pathway_2
307	NCBITaxon:2833581	butyrate_pathway_2
308	NCBITaxon:326423	butyrate_pathway_2
309	NCBITaxon:157733	butyrate_pathway_2
310	NCBITaxon:2259171	butyrate_pathway_2
311	NCBITaxon:1293	butyrate_pathway_2
312	NCBITaxon:1659191	butyrate_pathway_2
313	NCBITaxon:536227	butyrate_pathway_2
314	NCBITaxon:1548213	butyrate_pathway_2
315	NCBITaxon:2833578	butyrate_pathway_2
316	NCBITaxon:2682541	butyrate_pathway_2
317	NCBITaxon:3047873	butyrate_pathway_2
318	NCBITaxon:1329516	butyrate_pathway_2
319	NCBITaxon:411489	butyrate_pathway_2
320	NCBITaxon:2666190	butyrate_pathway_2
321	NCBITaxon:1983721	butyrate_pathway_2
322	NCBITaxon:1496	butyrate_pathway_2
323	NCBITaxon:1507512	butyrate_pathway_2
324	NCBITaxon:81408	butyrate_pathway_2
325	NCBITaxon:33051	butyrate_pathway_2
326	NCBITaxon:208199	butyrate_pathway_2
327	NCBITaxon:1665556	butyrate_pathway_2
328	NCBITaxon:192421	butyrate_pathway_2
329	NCBITaxon:1367477	butyrate_pathway_2
330	NCBITaxon:1417629	butyrate_pathway_2
331	NCBITaxon:2499213	butyrate_pathway_2
332	NCBITaxon:2692425	butyrate_pathway_2
333	NCBITaxon:545693	butyrate_pathway_2
334	NCBITaxon:1307761	butyrate_pathway_2
335	NCBITaxon:293387	butyrate_pathway_2
336	NCBITaxon:2217828	butyrate_pathway_2
337	NCBITaxon:324767	butyrate_pathway_2
338	NCBITaxon:265948	butyrate_pathway_2
339	NCBITaxon:1215031	butyrate_pathway_2
340	NCBITaxon:365346	butyrate_pathway_2
341	NCBITaxon:290397	butyrate_pathway_2
342	NCBITaxon:86664	butyrate_pathway_2
343	NCBITaxon:272562	butyrate_pathway_2
344	NCBITaxon:2026742	butyrate_pathway_2
345	NCBITaxon:2018042	butyrate_pathway_2
346	NCBITaxon:2794590	butyrate_pathway_2
347	NCBITaxon:1408282	butyrate_pathway_2
348	NCBITaxon:412384	butyrate_pathway_2
349	NCBITaxon:441772	butyrate_pathway_2
350	NCBITaxon:2293093	butyrate_pathway_2
351	NCBITaxon:412694	butyrate_pathway_2
352	NCBITaxon:670487	butyrate_pathway_2
353	NCBITaxon:1396	butyrate_pathway_2
354	NCBITaxon:189382	butyrate_pathway_2
355	NCBITaxon:285983	butyrate_pathway_2
356	NCBITaxon:1304284	butyrate_pathway_2
357	NCBITaxon:2528958	butyrate_pathway_2
358	NCBITaxon:2597358	butyrate_pathway_2
359	NCBITaxon:45668	butyrate_pathway_2
360	NCBITaxon:1436363	butyrate_pathway_2
361	NCBITaxon:1609979	butyrate_pathway_2
362	NCBITaxon:536232	butyrate_pathway_2
363	NCBITaxon:572479	butyrate_pathway_2
364	NCBITaxon:2030808	butyrate_pathway_2
365	NCBITaxon:352858	butyrate_pathway_2
366	NCBITaxon:1548597	butyrate_pathway_2
367	NCBITaxon:1898104	butyrate_pathway_2
368	NCBITaxon:1472416	butyrate_pathway_2
369	NCBITaxon:2293033	butyrate_pathway_2
370	NCBITaxon:639282	butyrate_pathway_2
371	NCBITaxon:441771	butyrate_pathway_2
372	NCBITaxon:1198630	butyrate_pathway_2
373	NCBITaxon:1423143	butyrate_pathway_2
374	NCBITaxon:2597691	butyrate_pathway_2
375	NCBITaxon:1196324	butyrate_pathway_2
376	NCBITaxon:192814	butyrate_pathway_2
377	NCBITaxon:2812055	butyrate_pathway_2
378	NCBITaxon:447199	butyrate_pathway_2
379	NCBITaxon:290402	butyrate_pathway_2
380	NCBITaxon:99675	butyrate_pathway_2
381	NCBITaxon:1404	butyrate_pathway_2
382	NCBITaxon:1048380	butyrate_pathway_2
383	NCBITaxon:592022	butyrate_pathway_2
384	NCBITaxon:572264	butyrate_pathway_2
385	NCBITaxon:3047875	butyrate_pathway_2
386	NCBITaxon:452565	butyrate_pathway_2
387	NCBITaxon:86668	butyrate_pathway_2
388	NCBITaxon:936574	butyrate_pathway_2
389	NCBITaxon:1917180	butyrate_pathway_2
0	NCBITaxon:1069963	butyrate_pathway_3
1	NCBITaxon:520767	butyrate_pathway_3
2	NCBITaxon:1841	butyrate_pathway_3
3	NCBITaxon:1811697	butyrate_pathway_3
4	NCBITaxon:1287737	butyrate_pathway_3
5	NCBITaxon:2021405	butyrate_pathway_3
6	NCBITaxon:55404	butyrate_pathway_3
7	NCBITaxon:1783352	butyrate_pathway_3
8	NCBITaxon:67293	butyrate_pathway_3
9	NCBITaxon:33900	butyrate_pathway_3
10	NCBITaxon:1811718	butyrate_pathway_3
11	NCBITaxon:1188745	butyrate_pathway_3
12	NCBITaxon:1128677	butyrate_pathway_3
13	NCBITaxon:860233	butyrate_pathway_3
14	NCBITaxon:1868	butyrate_pathway_3
15	NCBITaxon:1411118	butyrate_pathway_3
16	NCBITaxon:103725	butyrate_pathway_3
17	NCBITaxon:1811705	butyrate_pathway_3
18	NCBITaxon:68233	butyrate_pathway_3
19	NCBITaxon:1811717	butyrate_pathway_3
20	NCBITaxon:46180	butyrate_pathway_3
21	NCBITaxon:33035	butyrate_pathway_3
22	NCBITaxon:2259644	butyrate_pathway_3
23	NCBITaxon:336628	butyrate_pathway_3
24	NCBITaxon:860243	butyrate_pathway_3
25	NCBITaxon:1105031	butyrate_pathway_3
26	NCBITaxon:649756	butyrate_pathway_3
27	NCBITaxon:1811704	butyrate_pathway_3
28	NCBITaxon:936556	butyrate_pathway_3
29	NCBITaxon:162	butyrate_pathway_3
30	NCBITaxon:2035419	butyrate_pathway_3
31	NCBITaxon:1852908	butyrate_pathway_3
32	NCBITaxon:1913989	butyrate_pathway_3
33	NCBITaxon:68270	butyrate_pathway_3
34	NCBITaxon:546269	butyrate_pathway_3
35	NCBITaxon:935700	butyrate_pathway_3
36	NCBITaxon:48256	butyrate_pathway_3
37	NCBITaxon:1811700	butyrate_pathway_3
38	NCBITaxon:284028	butyrate_pathway_3
39	NCBITaxon:1616117	butyrate_pathway_3
40	NCBITaxon:1522760	butyrate_pathway_3
41	NCBITaxon:95160	butyrate_pathway_3
42	NCBITaxon:1192197	butyrate_pathway_3
43	NCBITaxon:2083010	butyrate_pathway_3
44	NCBITaxon:575609	butyrate_pathway_3
45	NCBITaxon:1246637	butyrate_pathway_3
46	NCBITaxon:1811716	butyrate_pathway_3
47	NCBITaxon:936561	butyrate_pathway_3
48	NCBITaxon:378806	butyrate_pathway_3
49	NCBITaxon:1353890	butyrate_pathway_3
50	NCBITaxon:2723074	butyrate_pathway_3
51	NCBITaxon:1522763	butyrate_pathway_3
52	NCBITaxon:146820	butyrate_pathway_3
53	NCBITaxon:2587850	butyrate_pathway_3
54	NCBITaxon:1898203	butyrate_pathway_3
55	NCBITaxon:33031	butyrate_pathway_3
56	NCBITaxon:36816	butyrate_pathway_3
57	NCBITaxon:745714	butyrate_pathway_3
58	NCBITaxon:43355	butyrate_pathway_3
59	NCBITaxon:1811698	butyrate_pathway_3
60	NCBITaxon:999898	butyrate_pathway_3
61	NCBITaxon:1640509	butyrate_pathway_3
62	NCBITaxon:1715693	butyrate_pathway_3
63	NCBITaxon:540747	butyrate_pathway_3
64	NCBITaxon:1716141	butyrate_pathway_3
65	NCBITaxon:209882	butyrate_pathway_3
66	NCBITaxon:42684	butyrate_pathway_3
67	NCBITaxon:1185650	butyrate_pathway_3
68	NCBITaxon:261474	butyrate_pathway_3
69	NCBITaxon:1852868	butyrate_pathway_3
70	NCBITaxon:418240	butyrate_pathway_3
71	NCBITaxon:58340	butyrate_pathway_3
72	NCBITaxon:1181879	butyrate_pathway_3
73	NCBITaxon:1852857	butyrate_pathway_3
74	NCBITaxon:67380	butyrate_pathway_3
75	NCBITaxon:525283	butyrate_pathway_3
76	NCBITaxon:1768241	butyrate_pathway_3
77	NCBITaxon:1811713	butyrate_pathway_3
78	NCBITaxon:2069367	butyrate_pathway_3
79	NCBITaxon:1124761	butyrate_pathway_3
80	NCBITaxon:46158	butyrate_pathway_3
81	NCBITaxon:78350	butyrate_pathway_3
82	NCBITaxon:997347	butyrate_pathway_3
83	NCBITaxon:1522758	butyrate_pathway_3
84	NCBITaxon:2013074	butyrate_pathway_3
85	NCBITaxon:182080	butyrate_pathway_3
86	NCBITaxon:282217	butyrate_pathway_3
87	NCBITaxon:215803	butyrate_pathway_3
88	NCBITaxon:1945509	butyrate_pathway_3
89	NCBITaxon:1123286	butyrate_pathway_3
90	NCBITaxon:1852867	butyrate_pathway_3
91	NCBITaxon:46159	butyrate_pathway_3
92	NCBITaxon:1032505	butyrate_pathway_3
93	NCBITaxon:54005	butyrate_pathway_3
94	NCBITaxon:546275	butyrate_pathway_3
95	NCBITaxon:60450	butyrate_pathway_3
96	NCBITaxon:882448	butyrate_pathway_3
97	NCBITaxon:2074	butyrate_pathway_3
98	NCBITaxon:1852883	butyrate_pathway_3
99	NCBITaxon:1768010	butyrate_pathway_3
100	NCBITaxon:1121318	butyrate_pathway_3
101	NCBITaxon:537007	butyrate_pathway_3
102	NCBITaxon:46163	butyrate_pathway_3
103	NCBITaxon:245014	butyrate_pathway_3
104	NCBITaxon:989410	butyrate_pathway_3
105	NCBITaxon:1912856	butyrate_pathway_3
106	NCBITaxon:66375	butyrate_pathway_3
107	NCBITaxon:1051531	butyrate_pathway_3
108	NCBITaxon:1540520	butyrate_pathway_3
109	NCBITaxon:33030	butyrate_pathway_3
110	NCBITaxon:217204	butyrate_pathway_3
111	NCBITaxon:1773	butyrate_pathway_3
112	NCBITaxon:469618	butyrate_pathway_3
113	NCBITaxon:158847	butyrate_pathway_3
114	NCBITaxon:1852907	butyrate_pathway_3
115	NCBITaxon:1811702	butyrate_pathway_3
116	NCBITaxon:2072505	butyrate_pathway_3
117	NCBITaxon:411486	butyrate_pathway_3
118	NCBITaxon:596330	butyrate_pathway_3
119	NCBITaxon:1819298	butyrate_pathway_3
120	NCBITaxon:768724	butyrate_pathway_3
121	NCBITaxon:936563	butyrate_pathway_3
122	NCBITaxon:258475	butyrate_pathway_3
123	NCBITaxon:40520	butyrate_pathway_3
124	NCBITaxon:1811712	butyrate_pathway_3
125	NCBITaxon:190304	butyrate_pathway_3
126	NCBITaxon:1780378	butyrate_pathway_3
127	NCBITaxon:1522759	butyrate_pathway_3
128	NCBITaxon:997350	butyrate_pathway_3
129	NCBITaxon:84022	butyrate_pathway_3
130	NCBITaxon:664693	butyrate_pathway_3
131	NCBITaxon:469605	butyrate_pathway_3
132	NCBITaxon:1811715	butyrate_pathway_3
133	NCBITaxon:796937	butyrate_pathway_3
134	NCBITaxon:393480	butyrate_pathway_3
135	NCBITaxon:1811711	butyrate_pathway_3
136	NCBITaxon:1691940	butyrate_pathway_3
137	NCBITaxon:1816182	butyrate_pathway_3
138	NCBITaxon:58110	butyrate_pathway_3
139	NCBITaxon:34073	butyrate_pathway_3
140	NCBITaxon:908338	butyrate_pathway_3
141	NCBITaxon:2035418	butyrate_pathway_3
142	NCBITaxon:1811703	butyrate_pathway_3
143	NCBITaxon:1286635	butyrate_pathway_3
144	NCBITaxon:1389935	butyrate_pathway_3
145	NCBITaxon:1079985	butyrate_pathway_3
146	NCBITaxon:1930	butyrate_pathway_3
0	NCBITaxon:522306	butyrate_pathway_4
1	NCBITaxon:1472417	butyrate_pathway_4
2	NCBITaxon:2799563	butyrate_pathway_4
3	NCBITaxon:349938	butyrate_pathway_4
4	NCBITaxon:34073	butyrate_pathway_4
5	NCBITaxon:1496	butyrate_pathway_4
6	NCBITaxon:1913989	butyrate_pathway_4
7	NCBITaxon:1229621	butyrate_pathway_4
8	NCBITaxon:2799561	butyrate_pathway_4
9	NCBITaxon:225345	butyrate_pathway_4
0	NCBITaxon:2585200	butyrate_pathway_5
1	NCBITaxon:150	butyrate_pathway_5
2	NCBITaxon:36839	butyrate_pathway_5
3	NCBITaxon:2940648	butyrate_pathway_5
4	NCBITaxon:190304	butyrate_pathway_5
5	NCBITaxon:459349	butyrate_pathway_5
6	NCBITaxon:1457234	butyrate_pathway_5
7	NCBITaxon:2751313	butyrate_pathway_5
